RunID,SubmittedAt,CompletedAt,Printer,Model,Material,DurationMin,ReprintFlag,DefectType,TotalHours,WeekStart
RUN1020,2025-04-20,2025-04-20 05:13:00,P2,NightGuard,Resin_A,106,0,None,5.216666666666667,2025-04-15
RUN1380,2025-04-20,2025-04-20 06:00:00,P4,Bridge,Resin_B,149,0,None,6.0,2025-04-15
RUN1350,2025-04-20,2025-04-20 07:45:00,P4,Crown,Resin_A,152,0,None,7.75,2025-04-15
RUN1233,2025-04-20,2025-04-20 11:16:00,P2,Tray,Resin_C,82,0,None,11.26666666666667,2025-04-15
RUN1206,2025-04-21,2025-04-21 03:18:00,P4,Crown,Resin_B,75,0,None,3.3,2025-04-15
RUN1392,2025-04-21,2025-04-21 04:28:00,P4,NightGuard,Resin_A,67,0,None,4.466666666666667,2025-04-15
RUN1048,2025-04-21,2025-04-21 06:56:00,P1,Bridge,Resin_B,59,0,None,6.933333333333334,2025-04-15
RUN1337,2025-04-22,2025-04-22 03:17:00,P4,Crown,Resin_A,115,0,None,3.283333333333333,2025-04-22
RUN1082,2025-04-22,2025-04-22 04:38:00,P4,NightGuard,Resin_A,31,0,None,4.633333333333334,2025-04-22
RUN1114,2025-04-23,2025-04-23 05:40:00,P3,Tray,Resin_A,85,0,None,5.666666666666667,2025-04-22
RUN1104,2025-04-24,2025-04-24 02:19:00,P3,NightGuard,Resin_A,60,0,None,2.316666666666667,2025-04-22
RUN1073,2025-04-24,2025-04-24 02:55:00,P3,Crown,Resin_A,139,0,None,2.916666666666667,2025-04-22
RUN1298,2025-04-24,2025-04-24 06:22:00,P4,Tray,Resin_B,91,0,None,6.366666666666666,2025-04-22
RUN1156,2025-04-24,2025-04-24 07:20:00,P3,Model,Resin_B,44,0,None,7.333333333333333,2025-04-22
RUN1040,2025-04-24,2025-04-24 07:42:00,P3,Model,Resin_B,94,1,UnderCure,7.7,2025-04-22
RUN1144,2025-04-25,2025-04-25 03:08:00,P1,Tray,Resin_B,97,0,None,3.133333333333333,2025-04-22
RUN1183,2025-04-25,2025-04-25 04:14:00,P4,Tray,Resin_C,150,0,None,4.233333333333333,2025-04-22
RUN1328,2025-04-25,2025-04-25 06:35:00,P4,NightGuard,Resin_A,29,0,None,6.583333333333333,2025-04-22
RUN1312,2025-04-25,2025-04-25 07:18:00,P4,NightGuard,Resin_C,40,1,UnderCure,7.3,2025-04-22
RUN1311,2025-04-25,2025-04-25 08:25:00,P3,Model,Resin_C,85,0,None,8.416666666666666,2025-04-22
RUN1244,2025-04-25,2025-04-25 09:42:00,P1,Tray,Resin_B,96,0,None,9.7,2025-04-22
RUN1139,2025-04-26,2025-04-26 04:56:00,P3,Tray,Resin_C,22,0,None,4.933333333333334,2025-04-22
RUN1160,2025-04-26,2025-04-26 06:59:00,P2,Tray,Resin_C,62,0,None,6.983333333333333,2025-04-22
RUN1023,2025-04-26,2025-04-26 07:17:00,P4,Crown,Resin_B,151,0,None,7.283333333333333,2025-04-22
RUN1127,2025-04-27,2025-04-27 02:37:00,P2,Bridge,Resin_A,52,0,None,2.616666666666667,2025-04-22
RUN1061,2025-04-27,2025-04-27 03:17:00,P1,Model,Resin_B,132,0,None,3.283333333333333,2025-04-22
RUN1271,2025-04-27,2025-04-27 04:31:00,P4,Crown,Resin_C,22,0,None,4.516666666666667,2025-04-22
RUN1363,2025-04-27,2025-04-27 05:27:00,P2,NightGuard,Resin_A,32,0,None,5.45,2025-04-22
RUN1258,2025-04-27,2025-04-27 05:46:00,P3,Crown,Resin_C,95,0,None,5.766666666666667,2025-04-22
RUN1018,2025-04-27,2025-04-27 06:16:00,P4,Tray,Resin_A,32,0,None,6.266666666666667,2025-04-22
RUN1231,2025-04-27,2025-04-27 08:33:00,P3,Crown,Resin_A,138,0,None,8.55,2025-04-22
RUN1372,2025-04-28,2025-04-28 04:20:00,P2,Model,Resin_A,108,0,None,4.333333333333333,2025-04-22
RUN1288,2025-04-28,2025-04-28 05:02:00,P1,Tray,Resin_C,148,0,None,5.033333333333333,2025-04-22
RUN1223,2025-04-28,2025-04-28 05:59:00,P1,NightGuard,Resin_A,169,0,None,5.983333333333333,2025-04-22
RUN1120,2025-04-28,2025-04-28 09:56:00,P2,NightGuard,Resin_B,127,0,None,9.933333333333334,2025-04-22
RUN1014,2025-04-28,2025-04-28 11:06:00,P4,Model,Resin_A,93,0,None,11.1,2025-04-22
RUN1094,2025-04-29,2025-04-29 03:43:00,P1,Model,Resin_A,164,0,None,3.716666666666667,2025-04-29
RUN1341,2025-04-29,2025-04-29 04:02:00,P1,Tray,Resin_C,164,0,None,4.033333333333333,2025-04-29
RUN1238,2025-04-29,2025-04-29 06:44:00,P4,Tray,Resin_C,71,0,None,6.733333333333333,2025-04-29
RUN1201,2025-04-29,2025-04-29 08:17:00,P2,Tray,Resin_B,120,0,None,8.283333333333333,2025-04-29
RUN1041,2025-04-29,2025-04-29 09:57:00,P4,Model,Resin_B,88,1,SurfaceBubble,9.95,2025-04-29
RUN1057,2025-04-30,2025-04-30 05:08:00,P4,Crown,Resin_C,141,0,None,5.133333333333334,2025-04-29
RUN1219,2025-04-30,2025-04-30 08:10:00,P2,Crown,Resin_C,61,0,None,8.166666666666666,2025-04-29
RUN1247,2025-05-01,2025-05-01 03:30:00,P1,Bridge,Resin_C,22,0,None,3.5,2025-04-29
RUN1357,2025-05-01,2025-05-01 04:09:00,P2,Bridge,Resin_C,139,0,None,4.15,2025-04-29
RUN1355,2025-05-01,2025-05-01 07:14:00,P1,NightGuard,Resin_A,158,0,None,7.233333333333333,2025-04-29
RUN1169,2025-05-02,2025-05-02 01:31:00,P1,Tray,Resin_C,55,0,None,1.516666666666667,2025-04-29
RUN1384,2025-05-02,2025-05-02 03:05:00,P3,Tray,Resin_B,88,0,None,3.083333333333333,2025-04-29
RUN1138,2025-05-02,2025-05-02 03:40:00,P4,NightGuard,Resin_A,165,0,None,3.666666666666667,2025-04-29
RUN1297,2025-05-02,2025-05-02 03:54:00,P1,Crown,Resin_C,121,0,None,3.9,2025-04-29
RUN1116,2025-05-02,2025-05-02 07:53:00,P3,NightGuard,Resin_B,109,0,None,7.883333333333334,2025-04-29
RUN1092,2025-05-02,2025-05-02 10:15:00,P2,Tray,Resin_B,110,0,None,10.25,2025-04-29
RUN1322,2025-05-02,2025-05-02 11:14:00,P4,Tray,Resin_A,133,0,None,11.23333333333333,2025-04-29
RUN1382,2025-05-03,2025-05-03 06:03:00,P3,Tray,Resin_C,50,0,None,6.05,2025-04-29
RUN1203,2025-05-03,2025-05-03 12:06:00,P3,Crown,Resin_B,161,0,None,12.1,2025-04-29
RUN1193,2025-05-04,2025-05-04 05:39:00,P3,Tray,Resin_B,78,0,None,5.65,2025-04-29
RUN1008,2025-05-04,2025-05-04 07:56:00,P2,Crown,Resin_A,86,0,None,7.933333333333334,2025-04-29
RUN1097,2025-05-04,2025-05-04 09:22:00,P2,Crown,Resin_C,76,0,None,9.366666666666667,2025-04-29
RUN1208,2025-05-04,2025-05-04 10:24:00,P3,Model,Resin_A,116,0,None,10.4,2025-04-29
RUN1232,2025-05-05,2025-05-05 04:49:00,P4,Crown,Resin_A,97,0,None,4.816666666666666,2025-04-29
RUN1176,2025-05-05,2025-05-05 05:51:00,P2,Crown,Resin_B,126,0,None,5.85,2025-04-29
RUN1100,2025-05-05,2025-05-05 08:34:00,P2,Bridge,Resin_A,48,0,None,8.566666666666666,2025-04-29
RUN1343,2025-05-05,2025-05-05 09:24:00,P3,Bridge,Resin_B,25,0,None,9.4,2025-04-29
RUN1050,2025-05-06,2025-05-06 02:37:00,P2,Bridge,Resin_B,92,0,None,2.616666666666667,2025-05-06
RUN1284,2025-05-06,2025-05-06 03:03:00,P3,Model,Resin_A,105,0,None,3.05,2025-05-06
RUN1091,2025-05-06,2025-05-06 08:10:00,P1,Model,Resin_C,156,0,None,8.166666666666666,2025-05-06
RUN1316,2025-05-06,2025-05-06 08:35:00,P3,Tray,Resin_C,169,0,None,8.583333333333334,2025-05-06
RUN1246,2025-05-06,2025-05-06 08:38:00,P4,Model,Resin_C,20,0,None,8.633333333333333,2025-05-06
RUN1182,2025-05-06,2025-05-06 08:47:00,P2,NightGuard,Resin_B,175,0,None,8.783333333333333,2025-05-06
RUN1327,2025-05-06,2025-05-06 10:34:00,P3,Bridge,Resin_A,53,0,None,10.56666666666667,2025-05-06
RUN1143,2025-05-07,2025-05-07 06:49:00,P1,NightGuard,Resin_C,156,0,None,6.816666666666666,2025-05-06
RUN1304,2025-05-08,2025-05-08 02:16:00,P3,Bridge,Resin_B,25,0,None,2.266666666666667,2025-05-06
RUN1309,2025-05-08,2025-05-08 05:41:00,P1,Model,Resin_B,175,0,None,5.683333333333334,2025-05-06
RUN1200,2025-05-08,2025-05-08 09:35:00,P4,Tray,Resin_B,99,0,None,9.583333333333334,2025-05-06
RUN1375,2025-05-08,2025-05-08 09:39:00,P3,Tray,Resin_B,142,0,None,9.65,2025-05-06
RUN1085,2025-05-08,2025-05-08 12:55:00,P2,Tray,Resin_C,176,1,Warped,12.91666666666667,2025-05-06
RUN1071,2025-05-09,2025-05-09 03:33:00,P4,NightGuard,Resin_C,20,0,None,3.55,2025-05-06
RUN1365,2025-05-09,2025-05-09 05:36:00,P3,Bridge,Resin_A,41,0,None,5.6,2025-05-06
RUN1074,2025-05-09,2025-05-09 07:14:00,P3,NightGuard,Resin_A,138,0,None,7.233333333333333,2025-05-06
RUN1024,2025-05-09,2025-05-09 07:59:00,P3,Crown,Resin_A,134,0,None,7.983333333333333,2025-05-06
RUN1098,2025-05-10,2025-05-10 05:09:00,P4,NightGuard,Resin_A,24,0,None,5.15,2025-05-06
RUN1344,2025-05-10,2025-05-10 06:38:00,P2,Bridge,Resin_B,133,0,None,6.633333333333334,2025-05-06
RUN1301,2025-05-10,2025-05-10 12:01:00,P2,Crown,Resin_C,134,0,None,12.01666666666667,2025-05-06
RUN1065,2025-05-11,2025-05-11 02:25:00,P3,Tray,Resin_A,84,0,None,2.416666666666667,2025-05-06
RUN1124,2025-05-11,2025-05-11 02:55:00,P3,Bridge,Resin_C,88,0,None,2.916666666666667,2025-05-06
RUN1364,2025-05-11,2025-05-11 03:41:00,P2,Tray,Resin_C,65,1,SupportFailure,3.683333333333333,2025-05-06
RUN1353,2025-05-11,2025-05-11 04:37:00,P4,Bridge,Resin_C,116,0,None,4.616666666666666,2025-05-06
RUN1086,2025-05-11,2025-05-11 07:31:00,P1,Crown,Resin_A,86,0,None,7.516666666666667,2025-05-06
RUN1155,2025-05-11,2025-05-11 09:27:00,P3,Model,Resin_C,21,1,Warped,9.45,2025-05-06
RUN1245,2025-05-11,2025-05-11 10:36:00,P1,NightGuard,Resin_A,120,0,None,10.6,2025-05-06
RUN1347,2025-05-11,2025-05-11 10:55:00,P3,Crown,Resin_A,144,0,None,10.91666666666667,2025-05-06
RUN1306,2025-05-11,2025-05-11 11:19:00,P3,Tray,Resin_B,99,0,None,11.31666666666667,2025-05-06
RUN1293,2025-05-12,2025-05-12 02:36:00,P4,Bridge,Resin_C,96,0,None,2.6,2025-05-06
RUN1308,2025-05-12,2025-05-12 08:50:00,P4,Tray,Resin_C,24,0,None,8.833333333333334,2025-05-06
RUN1009,2025-05-13,2025-05-13 03:22:00,P1,Crown,Resin_C,170,0,None,3.366666666666667,2025-05-13
RUN1062,2025-05-13,2025-05-13 03:39:00,P3,Bridge,Resin_C,170,0,None,3.65,2025-05-13
RUN1005,2025-05-13,2025-05-13 08:55:00,P2,Bridge,Resin_A,77,0,None,8.916666666666666,2025-05-13
RUN1056,2025-05-13,2025-05-13 12:11:00,P1,Bridge,Resin_B,144,0,None,12.18333333333333,2025-05-13
RUN1383,2025-05-14,2025-05-14 07:25:00,P4,Tray,Resin_C,93,0,None,7.416666666666667,2025-05-13
RUN1030,2025-05-14,2025-05-14 10:09:00,P2,Tray,Resin_C,77,0,None,10.15,2025-05-13
RUN1269,2025-05-14,2025-05-14 11:36:00,P2,NightGuard,Resin_C,97,0,None,11.6,2025-05-13
RUN1002,2025-05-15,2025-05-15 08:13:00,P3,Tray,Resin_A,156,0,None,8.216666666666667,2025-05-13
RUN1211,2025-05-15,2025-05-15 08:23:00,P3,Crown,Resin_B,151,0,None,8.383333333333333,2025-05-13
RUN1285,2025-05-16,2025-05-16 04:17:00,P2,Crown,Resin_C,45,0,None,4.283333333333333,2025-05-13
RUN1133,2025-05-16,2025-05-16 11:11:00,P2,Bridge,Resin_B,132,0,None,11.18333333333333,2025-05-13
RUN1072,2025-05-17,2025-05-17 05:16:00,P3,Bridge,Resin_B,148,1,SupportFailure,5.266666666666667,2025-05-13
RUN1221,2025-05-17,2025-05-17 10:23:00,P4,NightGuard,Resin_A,46,0,None,10.38333333333333,2025-05-13
RUN1252,2025-05-18,2025-05-18 05:31:00,P4,Model,Resin_B,106,0,None,5.516666666666667,2025-05-13
RUN1181,2025-05-18,2025-05-18 06:48:00,P2,Crown,Resin_C,106,0,None,6.8,2025-05-13
RUN1222,2025-05-18,2025-05-18 07:26:00,P3,Model,Resin_A,111,0,None,7.433333333333334,2025-05-13
RUN1315,2025-05-19,2025-05-19 03:10:00,P4,Bridge,Resin_C,28,0,None,3.166666666666667,2025-05-13
RUN1132,2025-05-19,2025-05-19 04:44:00,P3,Bridge,Resin_B,123,0,None,4.733333333333333,2025-05-13
RUN1119,2025-05-19,2025-05-19 10:29:00,P3,Model,Resin_B,122,0,None,10.48333333333333,2025-05-13
RUN1115,2025-05-19,2025-05-19 10:54:00,P3,Model,Resin_B,109,0,None,10.9,2025-05-13
RUN1076,2025-05-20,2025-05-20 10:04:00,P3,Bridge,Resin_C,55,1,UnderCure,10.06666666666667,2025-05-20
RUN1164,2025-05-20,2025-05-20 10:54:00,P1,NightGuard,Resin_B,104,0,None,10.9,2025-05-20
RUN1081,2025-05-21,2025-05-21 03:34:00,P2,Crown,Resin_A,140,0,None,3.566666666666667,2025-05-20
RUN1051,2025-05-21,2025-05-21 08:31:00,P2,Model,Resin_C,113,0,None,8.516666666666667,2025-05-20
RUN1207,2025-05-21,2025-05-21 11:03:00,P4,NightGuard,Resin_A,95,1,SupportFailure,11.05,2025-05-20
RUN1186,2025-05-22,2025-05-22 05:28:00,P3,Model,Resin_C,127,0,None,5.466666666666667,2025-05-20
RUN1248,2025-05-22,2025-05-22 06:13:00,P4,Tray,Resin_A,67,0,None,6.216666666666667,2025-05-20
RUN1273,2025-05-22,2025-05-22 06:42:00,P2,NightGuard,Resin_B,152,0,None,6.7,2025-05-20
RUN1345,2025-05-22,2025-05-22 06:59:00,P2,Tray,Resin_B,144,0,None,6.983333333333333,2025-05-20
RUN1189,2025-05-23,2025-05-23 02:04:00,P3,Model,Resin_A,24,1,UnderCure,2.066666666666667,2025-05-20
RUN1212,2025-05-23,2025-05-23 02:47:00,P4,Crown,Resin_B,75,0,None,2.783333333333333,2025-05-20
RUN1371,2025-05-23,2025-05-23 05:30:00,P3,Bridge,Resin_B,84,0,None,5.5,2025-05-20
RUN1075,2025-05-23,2025-05-23 06:20:00,P2,NightGuard,Resin_C,176,0,None,6.333333333333333,2025-05-20
RUN1274,2025-05-23,2025-05-23 07:44:00,P3,Model,Resin_A,49,0,None,7.733333333333333,2025-05-20
RUN1352,2025-05-23,2025-05-23 09:23:00,P1,Bridge,Resin_B,71,0,None,9.383333333333333,2025-05-20
RUN1035,2025-05-24,2025-05-24 01:52:00,P3,Crown,Resin_A,54,0,None,1.866666666666667,2025-05-20
RUN1140,2025-05-24,2025-05-24 04:59:00,P3,Bridge,Resin_A,34,0,None,4.983333333333333,2025-05-20
RUN1296,2025-05-24,2025-05-24 08:20:00,P3,Tray,Resin_B,22,0,None,8.333333333333334,2025-05-20
RUN1197,2025-05-24,2025-05-24 10:14:00,P1,Model,Resin_C,20,0,None,10.23333333333333,2025-05-20
RUN1058,2025-05-25,2025-05-25 01:37:00,P4,Bridge,Resin_B,51,0,None,1.616666666666667,2025-05-20
RUN1342,2025-05-25,2025-05-25 04:44:00,P4,Crown,Resin_B,132,0,None,4.733333333333333,2025-05-20
RUN1102,2025-05-25,2025-05-25 06:53:00,P3,Bridge,Resin_A,51,0,None,6.883333333333334,2025-05-20
RUN1184,2025-05-25,2025-05-25 09:53:00,P3,Model,Resin_A,70,1,SurfaceBubble,9.883333333333333,2025-05-20
RUN1066,2025-05-25,2025-05-25 10:57:00,P1,Crown,Resin_C,104,0,None,10.95,2025-05-20
RUN1171,2025-05-26,2025-05-26 03:24:00,P4,NightGuard,Resin_C,136,0,None,3.4,2025-05-20
RUN1250,2025-05-26,2025-05-26 06:48:00,P2,Tray,Resin_C,42,0,None,6.8,2025-05-20
RUN1358,2025-05-26,2025-05-26 08:12:00,P3,Crown,Resin_B,135,0,None,8.2,2025-05-20
RUN1394,2025-05-27,2025-05-27 04:57:00,P1,Bridge,Resin_A,97,0,None,4.95,2025-05-27
RUN1152,2025-05-27,2025-05-27 05:46:00,P3,Model,Resin_A,143,0,None,5.766666666666667,2025-05-27
RUN1393,2025-05-27,2025-05-27 05:50:00,P2,Tray,Resin_A,147,0,None,5.833333333333333,2025-05-27
RUN1338,2025-05-27,2025-05-27 08:37:00,P4,NightGuard,Resin_B,70,0,None,8.616666666666667,2025-05-27
RUN1122,2025-05-28,2025-05-28 02:57:00,P4,Model,Resin_C,45,0,None,2.95,2025-05-27
RUN1039,2025-05-28,2025-05-28 06:19:00,P4,Crown,Resin_C,54,0,None,6.316666666666666,2025-05-27
RUN1113,2025-05-29,2025-05-29 03:31:00,P3,Tray,Resin_A,96,0,None,3.516666666666667,2025-05-27
RUN1333,2025-05-29,2025-05-29 04:07:00,P2,Model,Resin_A,85,0,None,4.116666666666666,2025-05-27
RUN1015,2025-05-29,2025-05-29 10:10:00,P3,Tray,Resin_C,125,0,None,10.16666666666667,2025-05-27
RUN1249,2025-05-30,2025-05-30 06:07:00,P1,NightGuard,Resin_C,105,0,None,6.116666666666666,2025-05-27
RUN1191,2025-05-30,2025-05-30 10:05:00,P2,Model,Resin_C,95,0,None,10.08333333333333,2025-05-27
RUN1175,2025-05-31,2025-05-31 02:02:00,P2,Model,Resin_A,50,0,None,2.033333333333333,2025-05-27
RUN1131,2025-05-31,2025-05-31 08:52:00,P2,Bridge,Resin_A,58,0,None,8.866666666666667,2025-05-27
RUN1195,2025-06-01,2025-06-01 04:53:00,P2,Tray,Resin_B,178,0,None,4.883333333333334,2025-05-27
RUN1229,2025-06-01,2025-06-01 08:54:00,P4,NightGuard,Resin_A,75,0,None,8.9,2025-05-27
RUN1012,2025-06-01,2025-06-01 10:56:00,P2,Bridge,Resin_B,99,0,None,10.93333333333333,2025-05-27
RUN1317,2025-06-01,2025-06-01 12:28:00,P2,NightGuard,Resin_C,159,0,None,12.46666666666667,2025-05-27
RUN1109,2025-06-02,2025-06-02 02:17:00,P2,Bridge,Resin_C,27,0,None,2.283333333333333,2025-05-27
RUN1399,2025-06-02,2025-06-02 03:17:00,P1,Tray,Resin_C,74,0,None,3.283333333333333,2025-05-27
RUN1360,2025-06-02,2025-06-02 04:34:00,P1,Crown,Resin_A,167,0,None,4.566666666666666,2025-05-27
RUN1302,2025-06-02,2025-06-02 06:50:00,P2,NightGuard,Resin_A,45,0,None,6.833333333333333,2025-05-27
RUN1205,2025-06-02,2025-06-02 07:28:00,P3,NightGuard,Resin_B,136,0,None,7.466666666666667,2025-05-27
RUN1177,2025-06-02,2025-06-02 07:37:00,P2,Tray,Resin_A,96,0,None,7.616666666666666,2025-05-27
RUN1243,2025-06-02,2025-06-02 10:05:00,P4,Crown,Resin_C,49,0,None,10.08333333333333,2025-05-27
RUN1282,2025-06-02,2025-06-02 10:37:00,P3,Model,Resin_C,140,1,SupportFailure,10.61666666666667,2025-05-27
RUN1105,2025-06-02,2025-06-02 11:09:00,P1,NightGuard,Resin_C,142,1,SupportFailure,11.15,2025-05-27
RUN1331,2025-06-03,2025-06-03 03:10:00,P2,Tray,Resin_C,93,1,Warped,3.166666666666667,2025-06-03
RUN1299,2025-06-03,2025-06-03 03:53:00,P1,Bridge,Resin_A,55,1,SurfaceBubble,3.883333333333333,2025-06-03
RUN1226,2025-06-03,2025-06-03 04:11:00,P2,NightGuard,Resin_B,64,0,None,4.183333333333334,2025-06-03
RUN1125,2025-06-03,2025-06-03 06:55:00,P4,NightGuard,Resin_C,177,0,None,6.916666666666667,2025-06-03
RUN1053,2025-06-03,2025-06-03 07:35:00,P3,NightGuard,Resin_C,20,0,None,7.583333333333333,2025-06-03
RUN1026,2025-06-03,2025-06-03 09:07:00,P3,Tray,Resin_B,34,0,None,9.116666666666667,2025-06-03
RUN1019,2025-06-03,2025-06-03 09:30:00,P2,Model,Resin_A,118,0,None,9.5,2025-06-03
RUN1237,2025-06-03,2025-06-03 09:36:00,P4,Crown,Resin_B,60,0,None,9.6,2025-06-03
RUN1190,2025-06-04,2025-06-04 03:31:00,P3,NightGuard,Resin_B,109,1,UnderCure,3.516666666666667,2025-06-03
RUN1194,2025-06-04,2025-06-04 03:44:00,P4,Bridge,Resin_B,23,0,None,3.733333333333333,2025-06-03
RUN1367,2025-06-04,2025-06-04 09:03:00,P4,NightGuard,Resin_B,35,0,None,9.05,2025-06-03
RUN1318,2025-06-05,2025-06-05 07:12:00,P2,Crown,Resin_A,84,0,None,7.2,2025-06-03
RUN1239,2025-06-05,2025-06-05 10:23:00,P4,Bridge,Resin_C,85,0,None,10.38333333333333,2025-06-03
RUN1340,2025-06-05,2025-06-05 11:20:00,P2,Crown,Resin_C,140,0,None,11.33333333333333,2025-06-03
RUN1356,2025-06-06,2025-06-06 04:13:00,P1,Crown,Resin_A,36,0,None,4.216666666666667,2025-06-03
RUN1090,2025-06-06,2025-06-06 05:38:00,P4,NightGuard,Resin_B,74,0,None,5.633333333333334,2025-06-03
RUN1151,2025-06-06,2025-06-06 05:50:00,P3,NightGuard,Resin_B,112,0,None,5.833333333333333,2025-06-03
RUN1264,2025-06-06,2025-06-06 07:05:00,P1,Model,Resin_C,91,0,None,7.083333333333333,2025-06-03
RUN1000,2025-06-06,2025-06-06 09:16:00,P1,NightGuard,Resin_B,104,0,None,9.266666666666667,2025-06-03
RUN1262,2025-06-07,2025-06-07 02:36:00,P3,NightGuard,Resin_B,87,0,None,2.6,2025-06-03
RUN1235,2025-06-07,2025-06-07 04:00:00,P2,NightGuard,Resin_A,89,0,None,4.0,2025-06-03
RUN1103,2025-06-07,2025-06-07 05:28:00,P4,Tray,Resin_A,68,1,SurfaceBubble,5.466666666666667,2025-06-03
RUN1047,2025-06-07,2025-06-07 06:09:00,P1,Bridge,Resin_C,22,0,None,6.15,2025-06-03
RUN1242,2025-06-07,2025-06-07 06:27:00,P1,Bridge,Resin_B,152,0,None,6.45,2025-06-03
RUN1017,2025-06-07,2025-06-07 07:23:00,P2,Model,Resin_C,56,0,None,7.383333333333334,2025-06-03
RUN1210,2025-06-07,2025-06-07 09:15:00,P2,Bridge,Resin_C,68,0,None,9.25,2025-06-03
RUN1303,2025-06-08,2025-06-08 02:34:00,P3,Tray,Resin_A,71,0,None,2.566666666666667,2025-06-03
RUN1272,2025-06-08,2025-06-08 03:14:00,P2,Tray,Resin_B,123,0,None,3.233333333333333,2025-06-03
RUN1254,2025-06-08,2025-06-08 04:30:00,P2,Bridge,Resin_C,107,1,SupportFailure,4.5,2025-06-03
RUN1385,2025-06-08,2025-06-08 11:01:00,P1,NightGuard,Resin_A,65,1,UnderCure,11.01666666666667,2025-06-03
RUN1146,2025-06-08,2025-06-08 11:36:00,P4,Tray,Resin_A,123,0,None,11.6,2025-06-03
RUN1084,2025-06-09,2025-06-09 04:48:00,P1,Model,Resin_B,170,0,None,4.8,2025-06-03
RUN1307,2025-06-09,2025-06-09 05:46:00,P1,Bridge,Resin_C,60,0,None,5.766666666666667,2025-06-03
RUN1261,2025-06-09,2025-06-09 06:50:00,P3,Model,Resin_A,76,0,None,6.833333333333333,2025-06-03
RUN1368,2025-06-09,2025-06-09 07:58:00,P3,Tray,Resin_A,126,0,None,7.966666666666667,2025-06-03
RUN1112,2025-06-09,2025-06-09 10:07:00,P4,Model,Resin_B,153,0,None,10.11666666666667,2025-06-03
RUN1227,2025-06-10,2025-06-10 09:21:00,P3,NightGuard,Resin_B,65,0,None,9.35,2025-06-10
RUN1167,2025-06-10,2025-06-10 09:43:00,P2,Tray,Resin_C,145,0,None,9.716666666666667,2025-06-10
RUN1289,2025-06-11,2025-06-11 04:35:00,P3,Crown,Resin_B,37,0,None,4.583333333333333,2025-06-10
RUN1256,2025-06-11,2025-06-11 04:45:00,P1,Crown,Resin_C,30,0,None,4.75,2025-06-10
RUN1130,2025-06-11,2025-06-11 07:42:00,P4,Model,Resin_C,97,0,None,7.7,2025-06-10
RUN1220,2025-06-11,2025-06-11 08:19:00,P1,Crown,Resin_C,74,0,None,8.316666666666666,2025-06-10
RUN1295,2025-06-12,2025-06-12 02:13:00,P1,NightGuard,Resin_C,44,1,SurfaceBubble,2.216666666666667,2025-06-10
RUN1032,2025-06-12,2025-06-12 04:41:00,P1,Crown,Resin_A,89,0,None,4.683333333333334,2025-06-10
RUN1099,2025-06-12,2025-06-12 06:49:00,P1,Crown,Resin_B,87,1,Warped,6.816666666666666,2025-06-10
RUN1362,2025-06-12,2025-06-12 09:40:00,P2,Model,Resin_C,20,0,None,9.666666666666666,2025-06-10
RUN1228,2025-06-13,2025-06-13 02:27:00,P2,Bridge,Resin_A,101,0,None,2.45,2025-06-10
RUN1395,2025-06-13,2025-06-13 05:49:00,P2,Tray,Resin_C,59,0,None,5.816666666666666,2025-06-10
RUN1147,2025-06-13,2025-06-13 06:50:00,P1,NightGuard,Resin_C,38,1,SurfaceBubble,6.833333333333333,2025-06-10
RUN1323,2025-06-13,2025-06-13 07:39:00,P1,Tray,Resin_B,47,0,None,7.65,2025-06-10
RUN1150,2025-06-13,2025-06-13 07:57:00,P4,Model,Resin_C,176,0,None,7.95,2025-06-10
RUN1121,2025-06-13,2025-06-13 08:11:00,P3,Bridge,Resin_B,140,0,None,8.183333333333334,2025-06-10
RUN1108,2025-06-13,2025-06-13 08:16:00,P1,Crown,Resin_B,48,0,None,8.266666666666667,2025-06-10
RUN1022,2025-06-14,2025-06-14 02:16:00,P3,Crown,Resin_B,99,1,SurfaceBubble,2.266666666666667,2025-06-10
RUN1168,2025-06-14,2025-06-14 02:37:00,P1,Tray,Resin_B,47,0,None,2.616666666666667,2025-06-10
RUN1300,2025-06-14,2025-06-14 03:06:00,P3,NightGuard,Resin_B,116,0,None,3.1,2025-06-10
RUN1332,2025-06-14,2025-06-14 04:15:00,P3,Tray,Resin_B,141,0,None,4.25,2025-06-10
RUN1199,2025-06-14,2025-06-14 05:31:00,P2,NightGuard,Resin_B,140,0,None,5.516666666666667,2025-06-10
RUN1031,2025-06-14,2025-06-14 05:35:00,P2,Tray,Resin_C,107,0,None,5.583333333333333,2025-06-10
RUN1326,2025-06-14,2025-06-14 09:53:00,P2,Model,Resin_A,51,0,None,9.883333333333333,2025-06-10
RUN1240,2025-06-15,2025-06-15 02:53:00,P4,Crown,Resin_A,52,0,None,2.883333333333333,2025-06-10
RUN1166,2025-06-15,2025-06-15 04:27:00,P4,Model,Resin_A,71,0,None,4.45,2025-06-10
RUN1029,2025-06-15,2025-06-15 04:39:00,P4,NightGuard,Resin_B,57,0,None,4.65,2025-06-10
RUN1294,2025-06-15,2025-06-15 05:11:00,P2,NightGuard,Resin_B,72,0,None,5.183333333333334,2025-06-10
RUN1036,2025-06-15,2025-06-15 05:20:00,P3,Bridge,Resin_B,100,0,None,5.333333333333333,2025-06-10
RUN1305,2025-06-15,2025-06-15 07:43:00,P1,Model,Resin_A,144,0,None,7.716666666666667,2025-06-10
RUN1077,2025-06-16,2025-06-16 07:34:00,P1,Crown,Resin_C,105,0,None,7.566666666666666,2025-06-10
RUN1007,2025-06-16,2025-06-16 12:12:00,P3,Bridge,Resin_A,142,0,None,12.2,2025-06-10
RUN1174,2025-06-17,2025-06-17 02:11:00,P1,Bridge,Resin_C,45,0,None,2.183333333333333,2025-06-17
RUN1089,2025-06-17,2025-06-17 03:49:00,P3,Bridge,Resin_A,125,0,None,3.816666666666667,2025-06-17
RUN1218,2025-06-17,2025-06-17 07:49:00,P4,Model,Resin_A,75,1,UnderCure,7.816666666666666,2025-06-17
RUN1260,2025-06-17,2025-06-17 09:43:00,P3,Model,Resin_A,59,0,None,9.716666666666667,2025-06-17
RUN1178,2025-06-18,2025-06-18 03:51:00,P2,Crown,Resin_C,107,0,None,3.85,2025-06-17
RUN1377,2025-06-18,2025-06-18 05:18:00,P2,Crown,Resin_C,162,0,None,5.3,2025-06-17
RUN1101,2025-06-18,2025-06-18 08:06:00,P4,Tray,Resin_B,56,0,None,8.1,2025-06-17
RUN1141,2025-06-18,2025-06-18 08:27:00,P3,Model,Resin_A,86,0,None,8.45,2025-06-17
RUN1025,2025-06-19,2025-06-19 04:54:00,P4,NightGuard,Resin_C,106,0,None,4.9,2025-06-17
RUN1255,2025-06-20,2025-06-20 04:45:00,P4,NightGuard,Resin_B,72,0,None,4.75,2025-06-17
RUN1060,2025-06-20,2025-06-20 05:17:00,P4,Model,Resin_A,69,0,None,5.283333333333333,2025-06-17
RUN1033,2025-06-20,2025-06-20 07:06:00,P1,NightGuard,Resin_A,31,0,None,7.1,2025-06-17
RUN1279,2025-06-20,2025-06-20 09:36:00,P3,Model,Resin_C,152,0,None,9.6,2025-06-17
RUN1135,2025-06-21,2025-06-21 02:35:00,P4,NightGuard,Resin_B,20,0,None,2.583333333333333,2025-06-17
RUN1336,2025-06-21,2025-06-21 02:47:00,P3,NightGuard,Resin_A,131,1,Warped,2.783333333333333,2025-06-17
RUN1265,2025-06-21,2025-06-21 04:24:00,P4,Model,Resin_B,132,1,SurfaceBubble,4.4,2025-06-17
RUN1180,2025-06-22,2025-06-22 05:29:00,P2,Bridge,Resin_B,108,0,None,5.483333333333333,2025-06-17
RUN1027,2025-06-22,2025-06-22 07:27:00,P3,Model,Resin_C,167,1,Warped,7.45,2025-06-17
RUN1216,2025-06-23,2025-06-23 02:35:00,P2,Crown,Resin_C,46,0,None,2.583333333333333,2025-06-17
RUN1236,2025-06-23,2025-06-23 03:42:00,P3,Model,Resin_A,170,0,None,3.7,2025-06-17
RUN1034,2025-06-23,2025-06-23 05:22:00,P1,Tray,Resin_B,46,0,None,5.366666666666666,2025-06-17
RUN1049,2025-06-23,2025-06-23 06:06:00,P3,Crown,Resin_B,94,0,None,6.1,2025-06-17
RUN1059,2025-06-23,2025-06-23 10:56:00,P3,Model,Resin_A,132,0,None,10.93333333333333,2025-06-17
RUN1134,2025-06-23,2025-06-23 11:17:00,P2,Bridge,Resin_C,171,0,None,11.28333333333333,2025-06-17
RUN1354,2025-06-25,2025-06-25 04:19:00,P3,Crown,Resin_C,74,0,None,4.316666666666666,2025-06-24
RUN1321,2025-06-25,2025-06-25 10:47:00,P4,Bridge,Resin_B,140,0,None,10.78333333333333,2025-06-24
RUN1270,2025-06-26,2025-06-26 02:11:00,P4,Tray,Resin_A,36,0,None,2.183333333333333,2025-06-24
RUN1096,2025-06-26,2025-06-26 07:02:00,P2,Tray,Resin_A,138,0,None,7.033333333333333,2025-06-24
RUN1387,2025-06-26,2025-06-26 07:27:00,P2,NightGuard,Resin_A,120,0,None,7.45,2025-06-24
RUN1003,2025-06-26,2025-06-26 09:48:00,P3,Tray,Resin_C,82,1,UnderCure,9.8,2025-06-24
RUN1087,2025-06-26,2025-06-26 11:05:00,P1,Bridge,Resin_B,113,0,None,11.08333333333333,2025-06-24
RUN1044,2025-06-26,2025-06-26 11:53:00,P1,Bridge,Resin_A,155,0,None,11.88333333333333,2025-06-24
RUN1068,2025-06-26,2025-06-26 12:33:00,P2,Bridge,Resin_B,168,0,None,12.55,2025-06-24
RUN1001,2025-06-27,2025-06-27 04:42:00,P1,NightGuard,Resin_C,131,0,None,4.7,2025-06-24
RUN1016,2025-06-27,2025-06-27 06:29:00,P4,Model,Resin_C,61,0,None,6.483333333333333,2025-06-24
RUN1277,2025-06-27,2025-06-27 08:24:00,P4,Crown,Resin_A,119,0,None,8.4,2025-06-24
RUN1319,2025-06-27,2025-06-27 10:02:00,P1,Model,Resin_B,30,1,SupportFailure,10.03333333333333,2025-06-24
RUN1310,2025-06-28,2025-06-28 03:03:00,P4,Model,Resin_A,28,0,None,3.05,2025-06-24
RUN1251,2025-06-28,2025-06-28 07:48:00,P3,Bridge,Resin_B,93,0,None,7.8,2025-06-24
RUN1028,2025-06-28,2025-06-28 09:22:00,P2,NightGuard,Resin_C,128,0,None,9.366666666666667,2025-06-24
RUN1129,2025-06-28,2025-06-28 09:28:00,P3,Bridge,Resin_A,30,0,None,9.466666666666667,2025-06-24
RUN1313,2025-06-29,2025-06-29 04:21:00,P1,Bridge,Resin_B,22,1,SupportFailure,4.35,2025-06-24
RUN1123,2025-06-29,2025-06-29 06:12:00,P1,Bridge,Resin_A,146,0,None,6.2,2025-06-24
RUN1335,2025-06-29,2025-06-29 09:34:00,P3,NightGuard,Resin_C,153,0,None,9.566666666666666,2025-06-24
RUN1348,2025-06-29,2025-06-29 11:25:00,P3,Tray,Resin_B,150,0,None,11.41666666666667,2025-06-24
RUN1055,2025-06-30,2025-06-30 02:23:00,P4,Tray,Resin_A,40,1,SurfaceBubble,2.383333333333333,2025-06-24
RUN1361,2025-06-30,2025-06-30 05:18:00,P1,Tray,Resin_A,38,0,None,5.3,2025-06-24
RUN1172,2025-06-30,2025-06-30 10:33:00,P2,Crown,Resin_B,109,0,None,10.55,2025-06-24
RUN1045,2025-07-01,2025-07-01 04:13:00,P3,Tray,Resin_C,78,0,None,4.216666666666667,2025-07-01
RUN1381,2025-07-01,2025-07-01 04:51:00,P1,Model,Resin_B,86,0,None,4.85,2025-07-01
RUN1359,2025-07-01,2025-07-01 05:33:00,P4,NightGuard,Resin_C,63,0,None,5.55,2025-07-01
RUN1010,2025-07-01,2025-07-01 05:33:00,P1,Tray,Resin_A,144,0,None,5.55,2025-07-01
RUN1106,2025-07-01,2025-07-01 10:59:00,P4,Model,Resin_C,169,0,None,10.98333333333333,2025-07-01
RUN1202,2025-07-02,2025-07-02 05:06:00,P1,Tray,Resin_C,64,1,SupportFailure,5.1,2025-07-01
RUN1078,2025-07-02,2025-07-02 05:59:00,P3,Tray,Resin_B,108,1,SupportFailure,5.983333333333333,2025-07-01
RUN1037,2025-07-02,2025-07-02 06:34:00,P2,Crown,Resin_A,61,0,None,6.566666666666666,2025-07-01
RUN1396,2025-07-02,2025-07-02 07:19:00,P3,Model,Resin_A,159,0,None,7.316666666666666,2025-07-01
RUN1330,2025-07-02,2025-07-02 07:28:00,P4,Model,Resin_B,86,0,None,7.466666666666667,2025-07-01
RUN1153,2025-07-02,2025-07-02 10:28:00,P1,NightGuard,Resin_A,65,0,None,10.46666666666667,2025-07-01
RUN1374,2025-07-03,2025-07-03 04:48:00,P4,Tray,Resin_A,59,0,None,4.8,2025-07-01
RUN1159,2025-07-04,2025-07-04 02:15:00,P3,Model,Resin_A,56,0,None,2.25,2025-07-01
RUN1275,2025-07-04,2025-07-04 06:35:00,P3,Tray,Resin_C,97,0,None,6.583333333333333,2025-07-01
RUN1391,2025-07-04,2025-07-04 07:52:00,P4,NightGuard,Resin_C,116,0,None,7.866666666666666,2025-07-01
RUN1021,2025-07-04,2025-07-04 08:13:00,P4,Crown,Resin_C,79,0,None,8.216666666666667,2025-07-01
RUN1088,2025-07-04,2025-07-04 09:30:00,P3,NightGuard,Resin_A,123,0,None,9.5,2025-07-01
RUN1095,2025-07-05,2025-07-05 02:09:00,P4,Bridge,Resin_C,91,0,None,2.15,2025-07-01
RUN1283,2025-07-05,2025-07-05 06:54:00,P1,NightGuard,Resin_C,175,1,SurfaceBubble,6.9,2025-07-01
RUN1158,2025-07-05,2025-07-05 07:04:00,P4,Model,Resin_A,78,0,None,7.066666666666666,2025-07-01
RUN1170,2025-07-05,2025-07-05 08:26:00,P1,Tray,Resin_C,170,0,None,8.433333333333334,2025-07-01
RUN1148,2025-07-05,2025-07-05 09:47:00,P4,Model,Resin_B,104,1,Warped,9.783333333333333,2025-07-01
RUN1117,2025-07-05,2025-07-05 12:13:00,P2,NightGuard,Resin_B,142,0,None,12.21666666666667,2025-07-01
RUN1185,2025-07-06,2025-07-06 06:04:00,P1,Crown,Resin_A,166,0,None,6.066666666666666,2025-07-01
RUN1320,2025-07-06,2025-07-06 07:40:00,P1,Crown,Resin_B,125,0,None,7.666666666666667,2025-07-01
RUN1111,2025-07-06,2025-07-06 09:29:00,P2,Tray,Resin_A,110,0,None,9.483333333333333,2025-07-01
RUN1268,2025-07-06,2025-07-06 09:41:00,P2,NightGuard,Resin_C,27,0,None,9.683333333333334,2025-07-01
RUN1217,2025-07-06,2025-07-06 10:04:00,P1,Crown,Resin_A,66,0,None,10.06666666666667,2025-07-01
RUN1266,2025-07-06,2025-07-06 10:07:00,P1,Tray,Resin_C,36,0,None,10.11666666666667,2025-07-01
RUN1038,2025-07-07,2025-07-07 04:41:00,P4,Model,Resin_B,103,0,None,4.683333333333334,2025-07-01
RUN1281,2025-07-07,2025-07-07 05:58:00,P3,Tray,Resin_C,175,0,None,5.966666666666667,2025-07-01
RUN1263,2025-07-07,2025-07-07 06:40:00,P3,Tray,Resin_A,135,0,None,6.666666666666667,2025-07-01
RUN1334,2025-07-07,2025-07-07 10:49:00,P2,Tray,Resin_A,101,0,None,10.81666666666667,2025-07-01
RUN1118,2025-07-08,2025-07-08 02:37:00,P3,Crown,Resin_B,41,0,None,2.616666666666667,2025-07-08
RUN1145,2025-07-08,2025-07-08 04:38:00,P2,Bridge,Resin_A,174,0,None,4.633333333333334,2025-07-08
RUN1373,2025-07-08,2025-07-08 09:15:00,P2,Crown,Resin_B,52,0,None,9.25,2025-07-08
RUN1292,2025-07-08,2025-07-08 11:54:00,P4,Crown,Resin_C,171,0,None,11.9,2025-07-08
RUN1209,2025-07-09,2025-07-09 04:29:00,P4,NightGuard,Resin_A,154,1,Warped,4.483333333333333,2025-07-08
RUN1378,2025-07-10,2025-07-10 04:38:00,P4,Tray,Resin_B,47,1,SurfaceBubble,4.633333333333334,2025-07-08
RUN1128,2025-07-10,2025-07-10 05:24:00,P2,Bridge,Resin_C,83,0,None,5.4,2025-07-08
RUN1080,2025-07-10,2025-07-10 06:02:00,P2,Model,Resin_B,159,0,None,6.033333333333333,2025-07-08
RUN1370,2025-07-10,2025-07-10 06:32:00,P2,Crown,Resin_B,109,0,None,6.533333333333333,2025-07-08
RUN1390,2025-07-10,2025-07-10 10:22:00,P4,Tray,Resin_B,89,0,None,10.36666666666667,2025-07-08
RUN1234,2025-07-11,2025-07-11 03:08:00,P1,Tray,Resin_B,67,0,None,3.133333333333333,2025-07-08
RUN1215,2025-07-11,2025-07-11 05:54:00,P4,Crown,Resin_B,50,0,None,5.9,2025-07-08
RUN1179,2025-07-11,2025-07-11 09:32:00,P1,Crown,Resin_B,122,0,None,9.533333333333333,2025-07-08
RUN1398,2025-07-12,2025-07-12 02:22:00,P1,NightGuard,Resin_C,57,0,None,2.366666666666667,2025-07-08
RUN1004,2025-07-12,2025-07-12 04:06:00,P1,Model,Resin_B,104,0,None,4.1,2025-07-08
RUN1046,2025-07-12,2025-07-12 04:57:00,P3,Tray,Resin_C,132,0,None,4.95,2025-07-08
RUN1267,2025-07-12,2025-07-12 05:45:00,P2,Model,Resin_A,90,0,None,5.75,2025-07-08
RUN1214,2025-07-12,2025-07-12 10:48:00,P2,NightGuard,Resin_B,124,0,None,10.8,2025-07-08
RUN1083,2025-07-12,2025-07-12 11:50:00,P4,Bridge,Resin_B,137,1,SurfaceBubble,11.83333333333333,2025-07-08
RUN1349,2025-07-13,2025-07-13 03:49:00,P1,Model,Resin_A,42,0,None,3.816666666666667,2025-07-08
RUN1351,2025-07-13,2025-07-13 07:35:00,P1,Tray,Resin_C,123,0,None,7.583333333333333,2025-07-08
RUN1163,2025-07-14,2025-07-14 03:46:00,P1,Bridge,Resin_A,149,0,None,3.766666666666667,2025-07-08
RUN1173,2025-07-14,2025-07-14 04:30:00,P4,NightGuard,Resin_B,137,0,None,4.5,2025-07-08
RUN1162,2025-07-14,2025-07-14 07:38:00,P1,Tray,Resin_B,106,0,None,7.633333333333334,2025-07-08
RUN1213,2025-07-14,2025-07-14 10:41:00,P2,Tray,Resin_B,152,0,None,10.68333333333333,2025-07-08
RUN1204,2025-07-14,2025-07-14 11:01:00,P3,Tray,Resin_C,116,0,None,11.01666666666667,2025-07-08
RUN1136,2025-07-15,2025-07-15 03:59:00,P1,Bridge,Resin_C,102,1,SurfaceBubble,3.983333333333333,2025-07-15
RUN1366,2025-07-15,2025-07-15 05:24:00,P2,Tray,Resin_B,36,0,None,5.4,2025-07-15
RUN1339,2025-07-15,2025-07-15 07:52:00,P4,Model,Resin_C,162,0,None,7.866666666666666,2025-07-15
RUN1042,2025-07-16,2025-07-16 02:21:00,P1,NightGuard,Resin_A,24,0,None,2.35,2025-07-15
RUN1154,2025-07-16,2025-07-16 02:56:00,P2,Bridge,Resin_A,117,0,None,2.933333333333333,2025-07-15
RUN1187,2025-07-16,2025-07-16 10:10:00,P3,Crown,Resin_C,37,0,None,10.16666666666667,2025-07-15
RUN1110,2025-07-16,2025-07-16 10:31:00,P2,Tray,Resin_A,63,0,None,10.51666666666667,2025-07-15
RUN1324,2025-07-17,2025-07-17 09:13:00,P2,Bridge,Resin_C,51,0,None,9.216666666666667,2025-07-15
RUN1011,2025-07-18,2025-07-18 08:31:00,P4,Tray,Resin_C,48,0,None,8.516666666666667,2025-07-15
RUN1225,2025-07-18,2025-07-18 10:10:00,P3,Bridge,Resin_C,57,0,None,10.16666666666667,2025-07-15
RUN1379,2025-07-19,2025-07-19 05:45:00,P4,NightGuard,Resin_A,22,0,None,5.75,2025-07-15
RUN1107,2025-07-19,2025-07-19 09:11:00,P3,NightGuard,Resin_B,84,0,None,9.183333333333334,2025-07-15
RUN1013,2025-07-19,2025-07-19 10:57:00,P4,NightGuard,Resin_C,122,0,None,10.95,2025-07-15
RUN1389,2025-07-19,2025-07-19 11:04:00,P2,NightGuard,Resin_A,100,0,None,11.06666666666667,2025-07-15
RUN1069,2025-07-20,2025-07-20 03:16:00,P4,NightGuard,Resin_B,165,0,None,3.266666666666667,2025-07-15
RUN1276,2025-07-20,2025-07-20 03:28:00,P1,Bridge,Resin_C,44,0,None,3.466666666666667,2025-07-15
RUN1126,2025-07-20,2025-07-20 03:56:00,P1,Model,Resin_C,170,1,Warped,3.933333333333333,2025-07-15
RUN1325,2025-07-20,2025-07-20 04:10:00,P3,NightGuard,Resin_C,159,0,None,4.166666666666667,2025-07-15
RUN1157,2025-07-20,2025-07-20 05:02:00,P1,Crown,Resin_A,123,0,None,5.033333333333333,2025-07-15
RUN1397,2025-07-20,2025-07-20 05:22:00,P3,Crown,Resin_A,117,0,None,5.366666666666666,2025-07-15
RUN1192,2025-07-20,2025-07-20 08:53:00,P3,Crown,Resin_A,121,0,None,8.883333333333333,2025-07-15
RUN1376,2025-07-20,2025-07-20 10:20:00,P3,NightGuard,Resin_C,59,0,None,10.33333333333333,2025-07-15
RUN1230,2025-07-21,2025-07-21 03:36:00,P1,NightGuard,Resin_B,37,0,None,3.6,2025-07-15
RUN1063,2025-07-21,2025-07-21 04:37:00,P1,Bridge,Resin_A,178,0,None,4.616666666666666,2025-07-15
RUN1054,2025-07-21,2025-07-21 05:21:00,P4,Bridge,Resin_A,133,0,None,5.35,2025-07-15
RUN1006,2025-07-21,2025-07-21 06:19:00,P1,Model,Resin_A,147,0,None,6.316666666666666,2025-07-15
RUN1259,2025-07-21,2025-07-21 06:48:00,P2,NightGuard,Resin_C,139,1,Warped,6.8,2025-07-15
RUN1149,2025-07-21,2025-07-21 10:21:00,P3,Tray,Resin_C,43,0,None,10.35,2025-07-15
RUN1165,2025-07-21,2025-07-21 11:11:00,P2,Tray,Resin_B,107,0,None,11.18333333333333,2025-07-15
RUN1079,2025-07-22,2025-07-22 04:03:00,P3,Tray,Resin_B,107,0,None,4.05,2025-07-22
RUN1093,2025-07-22,2025-07-22 04:04:00,P4,NightGuard,Resin_A,165,0,None,4.066666666666666,2025-07-22
RUN1052,2025-07-22,2025-07-22 08:22:00,P3,Bridge,Resin_B,24,0,None,8.366666666666667,2025-07-22
RUN1142,2025-07-22,2025-07-22 10:17:00,P2,Tray,Resin_C,51,0,None,10.28333333333333,2025-07-22
RUN1253,2025-07-22,2025-07-22 10:38:00,P2,Bridge,Resin_B,139,0,None,10.63333333333333,2025-07-22
RUN1329,2025-07-22,2025-07-22 11:36:00,P4,Bridge,Resin_C,98,0,None,11.6,2025-07-22
RUN1290,2025-07-23,2025-07-23 05:08:00,P2,Tray,Resin_A,94,0,None,5.133333333333334,2025-07-22
RUN1280,2025-07-23,2025-07-23 12:45:00,P2,Model,Resin_B,169,1,Warped,12.75,2025-07-22
RUN1188,2025-07-24,2025-07-24 02:51:00,P1,Crown,Resin_C,72,1,SupportFailure,2.85,2025-07-22
RUN1278,2025-07-24,2025-07-24 04:40:00,P3,Crown,Resin_A,127,0,None,4.666666666666667,2025-07-22
RUN1257,2025-07-24,2025-07-24 05:22:00,P2,Bridge,Resin_B,156,0,None,5.366666666666666,2025-07-22
RUN1314,2025-07-24,2025-07-24 05:52:00,P3,Tray,Resin_C,97,0,None,5.866666666666666,2025-07-22
RUN1198,2025-07-24,2025-07-24 08:57:00,P1,NightGuard,Resin_A,128,0,None,8.95,2025-07-22
RUN1196,2025-07-25,2025-07-25 04:48:00,P2,Model,Resin_C,82,0,None,4.8,2025-07-22
RUN1286,2025-07-25,2025-07-25 06:20:00,P1,Model,Resin_C,129,0,None,6.333333333333333,2025-07-22
RUN1388,2025-07-25,2025-07-25 10:17:00,P4,Bridge,Resin_B,178,0,None,10.28333333333333,2025-07-22
RUN1064,2025-07-25,2025-07-25 10:44:00,P2,NightGuard,Resin_B,134,0,None,10.73333333333333,2025-07-22
RUN1067,2025-07-26,2025-07-26 02:30:00,P2,Crown,Resin_C,99,0,None,2.5,2025-07-22
RUN1161,2025-07-26,2025-07-26 06:13:00,P1,NightGuard,Resin_A,67,0,None,6.216666666666667,2025-07-22
RUN1291,2025-07-26,2025-07-26 07:02:00,P3,NightGuard,Resin_A,59,0,None,7.033333333333333,2025-07-22
RUN1287,2025-07-26,2025-07-26 07:14:00,P4,Model,Resin_A,25,0,None,7.233333333333333,2025-07-22
RUN1224,2025-07-26,2025-07-26 10:09:00,P3,Tray,Resin_B,117,0,None,10.15,2025-07-22
RUN1070,2025-07-26,2025-07-26 10:27:00,P2,NightGuard,Resin_B,158,0,None,10.45,2025-07-22
RUN1386,2025-07-27,2025-07-27 01:56:00,P3,Crown,Resin_B,64,0,None,1.933333333333333,2025-07-22
RUN1241,2025-07-27,2025-07-27 02:48:00,P4,NightGuard,Resin_B,135,0,None,2.8,2025-07-22
RUN1137,2025-07-27,2025-07-27 04:38:00,P4,Model,Resin_B,26,0,None,4.633333333333334,2025-07-22
RUN1369,2025-07-28,2025-07-28 05:49:00,P2,NightGuard,Resin_A,167,0,None,5.816666666666666,2025-07-22
RUN1346,2025-07-28,2025-07-28 07:35:00,P2,NightGuard,Resin_C,104,0,None,7.583333333333333,2025-07-22
RUN1043,2025-07-28,2025-07-28 11:20:00,P1,Model,Resin_A,124,1,SurfaceBubble,11.33333333333333,2025-07-22
